{"YSoUTOXaMmnsq+JgYDA3dw==":"corlay%20-%20logo%20(rectangle)-96x48.png","911X7bM4yT2Mobv6BsMc+g==":"background8.jpg","IR50eEAa/gjv9e3Jv2cWTg==":"background5.jpg","/t8wXNBO37eFmj2JFL2Uiw==":"2a500292924657.5e57df496b25f-1400x1077.jpg","XiUeQL8PhdUUozda49FXsw==":"2197f292924657.5e5816f2e2e30-1400x733.jpg","P5zELT2uE8LfhMc0VLX7vA==":"2197f292924657.5e5816f2e2e30-1400x733.jpeg","E8Pafrjin4cd64oYNJIhUw==":"image1-1900x1069.jpg","5kiTa1l8L8Y6wGjRusuT7g==":"image1-1920x1080.jpg","PyeT7Pol2Sf7A2iKIiUUFw==":"wp6696526-gas-station-wallpapers-1920x1080.jpg","Iv+qC0aVnL3GWFO7PMbPMQ==":"airplane-plane-sunshine-sunset-0608dea7492ed552ed5298d3f4e7630e-2000x1500.jpg","zYI65fAUrEp6lGNPSensjQ==":"305966279_535192738407027_4064051145580808331_n-932x1080.jpg","QQJzYc/QMGzeiDIGI2+H5g==":"wp6696526-gas-station-wallpapers-1920x1080.jpeg","PTAXNH62T5sucWsZp/jKQQ==":"image1-1920x1080.jpeg","NjrAAFbuVjEW0vbMVZbxZg==":"2197f292924657.5e5816f2e2e30-1-1400x733.jpeg","jUDWJPY/u/MESRmQC3TsuQ==":"mbr-794x529.jpeg","sDzGXuWHLHiRFHrQ+DbwOg==":"103783729_2905962102864531_8151600299374229344_n-588x1500.jpeg","wkqnrB2aFj83yHnaSeEHdQ==":"mbr-794x532.jpeg","lt9nAUMu30smCLkNLE7RcQ==":"mbr-600x402.jpg","IUvSqSWStxlSzxl234+4bQ==":"mbr-600x400.jpg","4iMNr2FdxhHdEqdUoJAHrA==":"banni_about2-topazphotoai-enhance-faceai-2000x682.jpg","XjxTu9pja/uUtugOuAyAGg==":"banni_about2-topazphotoai-enhance-faceai-3952x1348.jpg","a5XmSwtt1MUEHujvDx5MZA==":"mbr-1920x1183.jpg","vlYca0mrSugKLVPKQRDLOA==":"2a500292924657.5e57df496b25f-1400x1077.jpeg","hqyfb09d27rfzCpeuIgbvw==":"banni_contacts-topazphotoai-enhance-sharpen-2000x682.jpg","J2zWEm+I3jn+yye4vbfN+A==":"background.jpg","8d9MYjMSqr1xvZdebJ5n6g==":"corlay%20-%20qr%20code%20fiche%20reclamation%202-2229x2229.png","HnmpCJ5LgidpVJn1LQbdyw==":"produits%20et%20services-2000x683.png","FIQn5tSGVaZ92788el/Sbw==":"d96e7cb7792c55885e83950e4939204f-l-600x360.jpg","pyy34t2jhYD8pSqspD9csQ==":"d96e7cb7792c55885e83950e4939204f-l-600x360.jpeg","xvklOzytZ38FYQS+PiT5MA==":"prod_gaz-205x75.png","KtKxgV9sigrBcArCj7Sf7Q==":"prod_gaz-1-205x75.png","nnRDHvCAqzDxPuHCbUWJCQ==":"pbap5ese7vkmrjhz46y2vsjtf4.webp","J91ioPFMOb6ThsOzNYCz5Q==":"gaz_corlay-212x238.jpeg","i6QJj5ZlFOz6DFwnNmwy4Q==":"produits%20et%20services-2000x683.png","Kd5rR+VwLtsO/kV0pDa0ng==":"mbr-432x288.jpg","e4csz9XsCYgcWkOGu1AS1Q==":"mbr-432x242.jpg","PvigYETekn3J7qqFXVySNw==":"mbr-432x247.jpg","ZANn2H2zKaKVozwckw3jcA==":"mbr-1694x674.jpg","9/6eUWvBXFcRj8VmjjjZmA==":"mbr-1694x674.jpeg","sUTd8Ylvm8TvDUGycCLZDQ==":"mbr-770x513.jpg","YWT5a1VYnZs9+L00xZ13IA==":"carte-198x148.jpg","uZ2dv8u48n7LwJPVhII6rA==":"mbr-1187x791.jpg","BRvk8pM01GhZBiITIJmBrQ==":"mbr-770x770.jpg","u/Z37ZICx1o+vQJcTAvdJg==":"mbr-770x1129.jpg","FXubpGAnv6r0ok1QqVvh/g==":"mbr-770x511.jpg","F2fZAGb+uMN3jN7fmDGe9g==":"airplane-plane-sunshine-sunset-0608dea7492ed552ed5298d3f4e7630e.jpg","0/j4FR0kxZAKPuSdCZKN/g==":"2a500292924657.5e57df496b25f.jpg","6zhTTpEhl4Zx/c38p8Bsqw==":"image1.jpeg","JT3BUCUxobI/Y6Ezz+OCow==":"wp6696526-gas-station-wallpapers.jpg"}